,M229-Ctrl-4-Day,M229-DDR-1,M229-DTPPy-2,M229-IFNy-4-Day,M229-MRDDR2-1,M229-MRDDR4-1,M229-PLX-AZD-11-Day,M229-PLX-AZD-14-Day,M229-PLX-AZD-4-Day,M229-PLX-AZD-7-Day,M229-PLX-AZD-IFNy-11-Day,M229-PLX-AZD-IFNy-14-Day,M229-PLX-AZD-IFNy-4-Day,M229-PLX-AZD-IFNy-7-Day,M238-DTPP-2,M238-DTPPy-2,M395-RDDR-1,M397-Ctrl-4-Day,M397-DTPP2-2,M397-DTPPy,M397-IFNy-4-Day,M397-PLX-AZD-11-Day,M397-PLX-AZD-14-Day,M397-PLX-AZD-4-Day,M397-PLX-AZD-7-Day,M397-PLX-AZD-IFNy-11-Day,M397-PLX-AZD-IFNy-14-Day,M397-PLX-AZD-IFNy-4-Day,M397-PLX-AZD-IFNy-7-Day,SK28-Ctrl-4-Day,SK28-IFNy-4-Day,SK28-PLX-AZD-11-Day,SK28-PLX-AZD-14-Day,SK28-PLX-AZD-4-Day,SK28-PLX-AZD-7-Day,SK28-PLX-AZD-IFNy-11-Day,SK28-PLX-AZD-IFNy-14-Day,SK28-PLX-AZD-IFNy-4-Day,SK28-PLX-AZD-IFNy-7-Day,SKMEL28-DDR-1,SKMEL28-DTPPy1-1,SKMEL28-MRDDR-1,SKMEL28-MRDDR2-1
HALLMARK_TNFA_SIGNALING_VIA_NFKB,-0.0654987050450146,-0.0146940911619086,0.277711477547499,0.298748421150023,0.175585731487084,-0.394551173054096,-0.215494859660883,-0.250364518267911,-0.366805856962185,-0.250705517757676,0.247870587497658,0.203606419499429,-0.0817805107445755,0.067390742054647,0.472416994698146,0.510896091386003,-0.243417451449986,-0.105321198169521,0.335869860587926,0.34004321162836,0.374652060041101,-0.465249118776967,-0.499629997675484,-0.630997306346149,-0.237780938401003,-0.0174762984108174,0.257667268105303,-0.0650124620820097,-0.19765392980238,-0.0592508214455754,0.257275538158378,-0.304058658784491,-0.215725863202606,-0.243606486777565,-0.243924417015916,0.0285993766075416,0.0526535597472285,-0.0045590347942369,0.030897447855491,0.387841424840773,-0.302949052496576,0.385395674757122,-0.352514845200503
HALLMARK_HYPOXIA,-0.0372820590716772,0.0699966791874269,0.108661256748629,-0.0472473731942872,0.349852328595011,-0.104418274244328,0.0343527489257116,0.0454632427612912,0.0128912242240503,0.129729994402806,0.125050815035664,-0.0576246096957554,-0.00623875240681049,0.045171753238231,0.452121395817216,0.377206660328389,-0.145153467939898,-0.163430687917075,0.431346165380413,0.196484854884809,-0.119689416146444,-0.164442848950026,-0.360072212224635,-0.459682234279467,-0.048696985811202,-0.290826268816069,-0.0217579023747538,-0.173823900182979,-0.374345909111543,-0.336147934050779,-0.341560896552228,-0.221039255864354,0.0396812979990455,-0.131276394817591,-0.163951089031744,0.000159862441574454,0.049150211818322,-0.154343427746156,0.012846753178166,0.260685927582497,-0.172498641729009,0.219976830700675,0.022506685154159
HALLMARK_CHOLESTEROL_HOMEOSTASIS,-0.0266074086124297,0.45800568869487,-0.100737222691287,0.243834125012911,0.0443571784975691,-0.115004822095683,-0.0611894610610055,-0.0877358539574987,-0.0780988499350463,0.0492417644682874,-0.0884461657131753,-0.366365770757614,0.299065355838937,-0.139250210955454,0.414802936750955,0.485311017908613,0.262825565716633,-0.0191853109060981,0.232576325428649,0.26518627091219,0.111715933935336,-0.425608662626378,-0.593726347845418,-0.447629043370394,0.110316166395537,-0.297353398027162,-0.0913186904992352,0.0458300093811879,-0.247332578173161,-0.0275769605939074,0.0221887913832776,-0.43980539305565,0.00465210144288061,-0.00791091457036716,-0.29275488552406,-0.257983052400282,0.0822681911340173,0.0155901190687104,-0.208604032575481,0.135857880701462,-0.186733807938698,-0.0626701889847574,-0.165524281171705
HALLMARK_MITOTIC_SPINDLE,0.295820502983767,0.506311288136087,0.584817033635107,0.215353681357775,0.574337469242359,0.210155630160235,0.0520094869703756,-0.106470531923125,0.301978933573543,0.339066295455939,0.384897637551408,-0.0332067376548784,0.399479023542796,0.325497589197479,0.486393870143779,0.429595011558727,-0.249937885538922,0.0387257431938413,0.575492054330234,0.261407359412971,-0.136591598616229,-0.208796834346549,-0.531656033530387,-0.626063344102457,0.201178027570574,-0.551509030335387,-0.328560216507662,-0.390071531289848,-0.573342959012724,-0.267395442168126,-0.274403820983496,-0.537688727852781,-0.309952471199252,-0.500566526802617,-0.526066006042545,-0.442705738865294,-0.13666717401722,-0.45506162219473,-0.464443144931539,0.395103344991373,-0.480343413657952,0.496440633684799,-0.384116147400453
HALLMARK_WNT_BETA_CATENIN_SIGNALING,-0.0025293617449321,-0.175518036960037,-0.278829858342807,0.139410549185989,0.127507496141103,-0.187721111946372,0.502034412950139,0.308101081914979,0.281923654517621,0.474180554978069,0.367527207358156,0.286935175740777,0.232365950638451,0.332722026648804,0.355205933109619,0.137601036048628,0.3702546404142,-0.101631280214697,0.266278074063776,-0.0873869685807207,0.058052046423029,0.239015258105513,-0.290866340709458,-0.271090779934976,0.248389547765882,-0.189136686324055,0.0728324177476997,-0.0613651893019136,-0.273573326808234,-0.347206253921501,-0.320578674570383,-0.406166617867016,-0.282753769544913,-0.41529753899711,-0.366253037010212,-0.251416254682125,-0.252235748129319,-0.330164329987851,-0.337313394203108,-0.0339211330324921,-0.138945884224528,-0.0104547684422947,-0.0694133625426377
HALLMARK_TGF_BETA_SIGNALING,0.000338402028966178,0.315782913872557,0.137068198644586,-0.0658453204013275,0.250405323778395,-0.410797562341823,0.0838186137192182,0.0138213646290397,0.241097246869361,0.133966029556325,-0.102559586587456,-0.337993464534087,-0.1219693810536,-0.361551255041492,0.634171355771998,0.433567352142546,-0.274509766689889,-0.422806491212543,0.671276941777894,0.452785112790742,-0.374642802988369,0.0277707051827243,-0.17638938287785,-0.639321068470186,0.154284710891365,-0.522548038163287,-0.126905464100431,-0.337691009746128,-0.600874114210988,-0.553942388083696,-0.398174670356996,-0.136466223776431,0.238880339202605,0.103739361741924,0.114784734214573,0.354754041740249,0.0796836046589853,0.255148258060539,0.3722798547755,0.21509665199503,-0.0846275896268469,0.452339335382445,0.0641169293795229
HALLMARK_IL6_JAK_STAT3_SIGNALING,0.0537563634939943,0.0402482699537058,0.339513306950262,0.293650582283379,-0.226997675889973,-0.303397744995309,-0.322659914807167,-0.24297338884774,-0.468401450433317,-0.225292690693337,0.32958421309947,0.437297538768909,0.123971515091253,0.237039548721867,0.278911773998548,0.47077835925107,-0.442188216789917,-0.289660840356852,0.197485951862923,0.388651929635159,0.361862244779325,-0.494315450646189,-0.412531732598058,-0.462930488065028,-0.38398250831405,0.209113799609207,0.407836096445567,0.0533852923557941,0.0425399061542455,-0.224149815750512,0.306764279374773,-0.298517815724624,-0.154999755017112,-0.35035229874767,-0.329891613070677,0.103785687964167,0.301966347063503,-0.0705180546806542,0.0503856249013107,0.279273414810473,-0.110153328107076,0.0958146321263628,-0.333912551908937
HALLMARK_DNA_REPAIR,0.271580696193878,0.280505496584337,0.324220109694616,0.40377379210768,0.459256637060084,0.151815271184517,0.251171571306818,0.0948557717991615,0.26675574360406,0.268109545657723,0.537452426005028,0.187501843709715,0.432850541736915,0.491969211853266,0.589717604871567,0.529948220758765,-0.0447779424888873,0.282968172040299,0.550057182444069,0.607394305023674,0.274203548061651,-0.40916105934937,-0.536019340181694,-0.665976901155132,-0.0166944908180058,-0.522184286057215,-0.211141159589059,-0.377005625612586,-0.540672044803944,-0.199059165533181,-0.225878457761051,-0.616245723160852,-0.429531861407473,-0.633607340394473,-0.563759957927204,-0.456979024420725,-0.394492142293828,-0.495926342666896,-0.544053840552475,0.0303617161656825,-0.505312566067151,0.283658112731015,-0.433991789642361
HALLMARK_G2M_CHECKPOINT,0.431564556981069,0.487713820249072,0.39208338821497,0.345930772517079,0.601135941606039,0.215497691159702,-0.233505902939649,-0.409648902656904,0.230656956544791,0.0989628891654761,0.262426766048213,-0.340973615435826,0.272616513498117,0.222376917928388,0.259842791148747,0.290442380055322,-0.145339520738277,0.550302792699866,0.636852755614411,0.283296679606703,0.350319912852582,-0.149853219095376,-0.566762179720931,-0.743657939073772,0.26944048211225,-0.621158782299237,-0.516784885044996,-0.5860361256537,-0.693338802551985,0.171131673075161,0.168893524515571,-0.505040060597983,-0.188574169077594,-0.565343275576176,-0.420854551203896,-0.322470585462586,-0.251113617042548,-0.457376482592567,-0.357899774912758,0.429810869273399,-0.235498561875744,0.500040405632465,-0.20649282458939
HALLMARK_APOPTOSIS,-0.00735746612434265,0.092499262563183,-0.0281676142652772,0.19859648469467,0.167568401228921,-0.309609850558089,-0.0479008207865239,0.00121172850907082,-0.213416366824054,0.114582826074677,0.146736294914532,0.0244104595984767,0.0665305046608348,0.118213655021473,0.445856971936449,0.524905385107473,0.0141590309077349,-0.118193861864399,0.327459845240689,0.372189814994612,0.185821982737995,-0.284747901299502,-0.383072726700865,-0.460078313370342,0.00535286547838776,-0.199957539504933,0.0712799050224497,-0.16881372240967,-0.256568507872007,-0.161835773467212,-0.0381696356626189,-0.322145135035217,-0.0440113593028386,-0.153853542183714,-0.291939460727263,-0.123015705324792,-0.0512864253925469,-0.14176677043628,-0.175605726195303,0.24520530399668,-0.145613879803709,0.17138279137338,-0.266334699220456
HALLMARK_NOTCH_SIGNALING,-0.280726119718987,0.00203910959608139,-0.379270352349348,-0.191399145151518,0.183169829136922,-0.142748745737596,0.387799998305215,0.100276633789652,0.408040081005575,0.313001743755074,-0.0100677205119005,-0.333860963913588,0.408689404981293,0.0423171241642485,0.549987931294998,0.202181299772324,0.132998258257641,-0.015459099083996,0.620268919743442,0.187547836040877,0.101171823524395,0.0772567892380193,-0.224906973877846,-0.441058532784911,-0.0854099809465047,-0.547832514263471,-0.34787205112971,-0.32123619340976,-0.46999373960575,-0.340133613293299,-0.286757292601444,-0.0473961666847157,0.12533470571018,-0.327993558639027,-0.0634850491482542,-0.0698662632180743,-0.0783939306523372,-0.316251956881183,-0.189246566972141,0.411904941059304,-0.256811843652388,0.427454560178055,-0.167907511118144
HALLMARK_ADIPOGENESIS,0.0733014285927621,0.106496444094875,-0.057314002184449,0.0295611262837872,0.024241653727751,-0.104711873001287,0.11338318312114,0.163963918078669,0.0732505395433605,0.18914980974747,-0.0504007534910705,-0.247757345560651,0.00377560030746407,-0.083010294906565,0.533321377354512,0.440554507117645,-0.0867163714566205,0.0305918979350795,0.476036722652064,0.391119069195278,-0.0948274450049287,0.149416220795877,-0.280046427671741,-0.382269296097236,0.163572451278872,-0.231000921059083,0.0514272166990222,0.0193671150474868,-0.260418608465413,-0.200857155185441,-0.27734409122917,-0.211314086810972,-0.00990658925725645,-0.195281613206406,-0.0860942652134728,-0.10611664442292,-0.0293197453773279,-0.202442752041114,-0.175076332216558,0.0609617162122031,-0.310948064710371,0.0812757601330771,-0.251449190619439
HALLMARK_ESTROGEN_RESPONSE_EARLY,0.0946110527916472,0.346384356410355,0.0261220973980894,0.0612811841928865,0.138313164006269,0.0201652264363288,-0.0417184234301088,-0.0379989768131869,-0.0703124816253717,-0.022181954979147,-0.0430640312869902,-0.153654620623862,-0.132387109733433,-0.117089378353651,0.468128601158875,0.223408153107389,0.0513860491289775,-0.0320708349297273,0.40183009520266,0.126145136408999,-0.183733795035352,-0.208826840208878,-0.388740706032351,-0.432774643250957,-0.0649760457567279,-0.386643265776512,-0.287471568369176,-0.289288411247513,-0.382507412473925,-0.00617052310658489,-0.103736004510186,-0.138301445481338,0.149367091967178,-0.0350022939173855,-0.0125107254977282,0.000597144967250302,0.167689777358126,-0.130287390150504,-0.0894423280343707,0.182247437531599,-0.157546056973833,0.169377920040925,-0.0648601852890111
HALLMARK_ESTROGEN_RESPONSE_LATE,0.0488556314187071,0.341727883825304,0.048218241476314,0.0816870968935145,0.187739755514573,0.153980494556204,0.0813689729716193,0.0557988465445716,-0.0769806667424391,0.0590238351058281,-0.0315963745267051,-0.0460387923552617,-0.116677273675602,-0.0908151925278065,0.260116879222742,0.191489673426423,0.0422850935324555,-0.0292946294229174,0.23068160968389,0.0362904408457042,-0.0202200769185394,-0.115025916136879,-0.280749809479251,-0.329079571818178,-0.0871764425423896,-0.25815611181719,-0.22985510186958,-0.254683458637249,-0.212191900863273,-0.107122862706852,-0.178560317879367,-0.0948472344530354,0.134751419801757,-0.151197960540293,-0.105810220801825,-0.00109336061306786,0.250724639462684,-0.190041749030345,-0.118396059776464,0.124981453689914,0.0263466596755914,0.0960965733025466,0.108233168133434
HALLMARK_ANDROGEN_RESPONSE,0.277361948716791,0.254892728853593,0.0316080998691865,0.272128003946129,0.367791445293663,0.142626511913086,-0.140546077211139,-0.244841003207474,-0.255224293893801,-0.166396203522436,-0.0926299132757439,-0.247132781365347,-0.321466510612025,-0.273646090191938,0.247333307341608,0.10193607451541,0.344672792962014,0.153446015953226,0.0921358027116781,-0.103685052282537,0.0642408884727796,-0.360356047224202,-0.491275096109635,-0.485346680832082,-0.024603994726081,-0.292843505826378,-0.171734749039021,-0.130769678237954,-0.212686257872196,-0.0416993227974306,-0.130111871578135,-0.227490097341743,0.0794261617016263,-0.0989227957135677,-0.24705370142116,0.0760266537516918,0.0599826807505375,0.0179103133282388,-0.0747588106316755,0.432823912702431,0.097833189684904,0.305156025144991,0.288778656161496
HALLMARK_MYOGENESIS,-0.00176544400350709,0.127886549361584,-0.0969332974066446,-0.0330664463576886,0.158273089195794,0.00981393485604437,0.393659476156772,0.306412755159376,0.291501423615732,0.375821531841693,0.269154313552604,0.196698351154898,0.118269671202144,0.21888414640234,0.421232555443047,0.236629837899931,-0.0191050136789815,-0.303629042255361,0.318284874316027,0.168392500033225,-0.304464367638715,0.13208617750668,0.0850786835028015,-0.191606092949274,0.0638421440209458,-0.240003166409931,-0.0726945809045515,-0.206342146919012,-0.263379227368159,-0.397282171813328,-0.406199730561215,-0.0954976799358826,-0.104976913155913,-0.201192089307816,-0.169276111881896,-0.181933513969923,-0.215451620616739,-0.252528801373012,-0.22677138653727,-0.17727970990068,-0.203703612347527,-0.104044717375398,-0.12491948377506
HALLMARK_PROTEIN_SECRETION,0.0296735597124596,0.0939454939642601,0.191970835152292,0.24177380412084,0.193906152353194,-0.0703166012782661,-0.0618656661178423,-0.130568092760489,-0.111066847881704,-0.022727686456776,-0.172081945844518,-0.160402105332108,-0.261419128470635,-0.20953727664589,0.552718996831394,0.314501677471916,0.0506961124610016,0.14022441247607,0.549670907011618,0.269741662529056,-0.0846321059830292,-0.403905611967222,-0.518880660407129,-0.617707660715412,0.0270110204536548,-0.39572964763828,-0.0954157892980151,-0.0754060795282597,-0.403654750739827,-0.0951067722549774,-0.249135794175726,-0.17340439003622,-0.113728942245328,-0.218655098645035,-0.307479041454122,0.044473067566615,0.142108022499381,-0.129023416620692,-0.125750196748964,0.474785774544634,0.0936347161447906,0.359886309325744,0.0907463234859653
HALLMARK_INTERFERON_ALPHA_RESPONSE,-0.53873251453864,-0.161231550706813,0.13376447722177,0.504065001814207,-0.483466245900747,-0.597604751282495,-0.609547002858192,-0.530673015946567,-0.629115953579704,-0.591426619193427,0.609156393125386,0.449258485253208,0.715110515308173,0.661926693356652,0.447321011759418,0.794908188503396,-0.567081579401171,-0.487804284187672,0.324083976952282,0.688302282085518,0.733364326237238,-0.738124967139908,-0.730228020457077,-0.709434212775403,-0.43409310199737,0.648872888440317,0.673711184219687,0.682487852987249,0.579103551716109,-0.322942484673844,0.56578018481794,-0.586864135519206,-0.451637157168973,-0.530218829508423,-0.551835351273834,0.278653702080815,0.392507303131817,0.191256406785985,0.139622710228541,0.162704529423447,0.106614902523594,-0.102377622377612,-0.591170386629649
HALLMARK_INTERFERON_GAMMA_RESPONSE,-0.456634332626319,-0.223634044398557,-0.0151780777575112,0.354354960877886,-0.427532149950433,-0.542366611717412,-0.490793486291449,-0.418252066558975,-0.561675951823874,-0.479336604107759,0.5001626056227,0.397256243736548,0.555862808432389,0.555621795164318,0.300561432165128,0.700434690330637,-0.485029275231618,-0.341027726562729,0.213551479271946,0.605420294199186,0.680634875827188,-0.614493625321223,-0.619893287676078,-0.632967204266345,-0.36026161537068,0.561682618668484,0.618966926953356,0.551885111410717,0.477494328891249,-0.24699479614922,0.479063931702699,-0.412822178190954,-0.310397959578618,-0.425547163921896,-0.431377522112389,0.255477065614426,0.304280736067275,0.0803355638326567,0.16784446201619,0.213022846155337,0.0182858224043662,-0.00836655749291892,-0.503545550660932
HALLMARK_APICAL_JUNCTION,-0.0726754186523087,0.00188205064635197,0.178748216253749,-0.0558056396125243,0.00876401521371611,-0.0393860549105519,0.186149315454525,0.193581587316463,0.107843917387625,0.200663136401811,0.211799634724548,0.0981450780937351,0.129229346563825,0.120166303708161,0.365000568171129,0.296517875194626,-0.0717516450043894,-0.207578400780822,0.316291989890228,0.328374677851554,-0.188793309791506,0.0884296345774429,0.0368558739771239,-0.294059762579649,-0.0707333847301182,-0.196855771690751,0.0316106453519827,-0.203659226035619,-0.211103107417526,-0.320924351468097,-0.307663488473154,-0.178362319467622,-0.111563768665688,-0.14059889400153,-0.0887223179607738,0.000793016388634063,0.0671295616380768,-0.218070491166401,-0.139887510025126,-0.017801964098116,-0.251986257354492,0.0367493557855635,-0.209680207032107
HALLMARK_APICAL_SURFACE,0.254509741791836,0.0795374336751454,0.0554366802389333,0.208868024349235,-0.13251417273352,-0.0730646015681172,0.0997668034141874,-0.0205328630555977,0.0776397916784768,0.10663064045418,0.227978369574759,0.0974990183742341,-0.0331753297907621,0.0970643579495653,0.479803032882536,0.369809438621066,-0.0282163446228372,0.045199699474097,0.443498993219513,0.301762548774837,0.0229194631230826,-0.145797901834337,0.128625092583408,-0.0884666588498536,0.127748697764599,-0.182261770105232,0.168059440195564,0.139140528828011,-0.268740718010243,0.0499119589944473,0.11631978115016,-0.19562477673338,-0.143190597990683,-0.304317923312073,-0.262855062828442,-0.282183520605997,-0.203236318908129,-0.283686512126999,-0.365329482676635,-0.250174375738825,-0.46159671404656,-0.185260697300553,-0.40586484428916
HALLMARK_HEDGEHOG_SIGNALING,0.0876076760238431,0.123737160701831,0.07392388477955,0.161741182971783,0.375538056477722,0.0199432232039587,0.304229290394274,0.31434160057933,0.232707373234193,0.385126199208603,0.307819116259064,-0.077205713306119,0.14415372184382,0.20507395150493,0.467970022067881,0.229241962318196,-0.0337581799160461,-0.14448517813806,0.36219063611249,0.330372725302763,-0.0566027402303586,-0.361863017393796,-0.51463544924916,-0.506469013466725,-0.0366503626891715,-0.209400941449796,-0.129504049283238,-0.0509672220239546,-0.390409095542968,-0.24652854445135,-0.258802190010538,-0.147488260852299,-0.0476381613896417,-0.308740445556792,-0.269969894648416,-0.33671293206762,0.0385579968802702,-0.350037900954896,-0.27974310265016,0.0303108484454802,-0.225409266429185,-0.0443473614623878,-0.125590019466203
HALLMARK_COMPLEMENT,-0.0603644658161449,0.115188566109076,0.181093189563629,0.150599782102674,0.0684634392758443,-0.0690121496650446,-0.060841247507351,-0.0430836488463604,-0.19901122043092,-0.120818499571365,0.281186506197104,0.183805070842932,0.244654060246362,0.228029121929128,0.138096006504444,0.294234369204079,-0.195641462670611,-0.181866201145762,0.0522620397703255,0.227336554791267,0.241850175416588,-0.358006573473198,-0.370328682905785,-0.419985959434536,-0.293137085298407,0.0411035957893349,0.170700105943126,0.0359545721070704,-0.00355452233473233,-0.0194555279023315,0.152399246654729,-0.328143618373926,-0.168211413716974,-0.256124092481607,-0.281956483046773,-0.102939201995355,0.0599265538015982,-0.0986438332859557,-0.191754158349605,0.365901714755154,-0.00206409265700455,0.17386116941988,-0.0951110243891446
HALLMARK_UNFOLDED_PROTEIN_RESPONSE,-0.0329032355536531,0.3652287369249,0.607194873149323,0.199060165985841,0.54311346106161,0.3885731775161,-0.117199814557268,0.0882493401566869,-0.294880731678113,-0.119972825753593,0.441602421540089,0.325902332704688,0.1153643074791,0.360440011617247,0.404420556732771,0.488776203757601,-0.302010217965915,-0.113039713220111,0.45121106101164,0.215108212401283,0.281437267937291,-0.496193929049596,-0.616477278337781,-0.618078596664815,-0.213959677244013,-0.283197934559115,-0.0187692525744369,-0.0460874830125279,-0.354574380862024,-0.225018978660547,-0.0947380746415663,-0.492019846205376,-0.238113285550587,-0.363740945039833,-0.373317005061422,-0.25494291186937,-0.171252245610587,-0.32245179043021,-0.323010969027491,0.403469932415802,-0.253747719199716,0.45829459898803,-0.25907562463464
HALLMARK_PI3K_AKT_MTOR_SIGNALING,-0.0394671267174359,0.228550103333705,0.280088622819738,-0.0133674116505353,0.263199671246564,0.0558208444154971,-0.229868310850306,-0.166620145046454,-0.242726372811922,-0.200727052333826,-0.0275187531872337,-0.202541281280634,-0.0434465475989537,-0.152958928176211,0.130716310042777,0.348961343566732,-0.099160317905693,-0.292534361227932,0.308088461559787,0.198137812984656,-0.140987938092535,-0.281727936436567,-0.499673519344146,-0.309540026969522,-0.0882960373844754,-0.225791770131588,-0.246177309100329,-0.147008004306297,-0.223816489469706,0.0867417148656232,0.133701381332031,-0.150132725251517,0.339810493089802,0.0887405829947056,-0.0340863332224281,0.103471196149436,0.0800635909090122,0.21692887856105,0.121738375711339,0.321487495291808,-0.0228412597625407,0.38447395526091,-0.104940752395072
HALLMARK_MTORC1_SIGNALING,0.25550414544631,0.501918351232672,0.296221597355437,0.24788390405485,0.532870362802603,0.300517588768897,-0.0900349979664038,-0.0981266945977689,-0.0353066216245626,-0.0749595791684599,0.0929545378908413,-0.104934434672453,0.135756499511393,0.0777134111268344,0.349387918439724,0.415976168325288,-0.126985503014586,0.0961015960847613,0.216023458579294,0.0205298395867873,0.0651669076031564,-0.415923500153228,-0.58248583678069,-0.568820294888793,-0.19355927413712,-0.4508177698878,-0.254774200291174,-0.135192076666878,-0.388535017448528,0.0021969997898805,0.00168686290164993,-0.514721617527217,-0.250381786906165,-0.342595986343761,-0.397049165487316,-0.217139947176648,-0.119866967369276,-0.228240339262021,-0.242996109205627,0.504633477047045,-0.0905052333011596,0.426606271153237,-0.020178422772567
HALLMARK_E2F_TARGETS,0.588160581974231,0.649805756857552,0.587824861320022,0.515199924488867,0.713096316514514,0.441610566851266,0.0304363102161531,-0.280174450441616,0.29989732162569,0.349842811194685,0.314601726938375,-0.246594262840995,0.353560091217523,0.314719715289919,0.151425123015485,0.122268815001633,-0.103377232681758,0.684963531893436,0.629924457354366,0.281718962951313,0.613189366960519,-0.0304950127104978,-0.489925863245773,-0.841236754011208,0.300703944030963,-0.69016492452575,-0.571391046864622,-0.736657304426994,-0.745075736835564,0.192544392210598,0.112038040071431,-0.651843780652471,-0.391354472558813,-0.736027872160464,-0.626611623749379,-0.514271573910958,-0.31407098876056,-0.542050270902896,-0.46054439045261,0.458675882624829,-0.405345616017832,0.586903561449526,-0.238550841591473
HALLMARK_MYC_TARGETS_V1,0.718452542684131,0.765250518660425,0.793165408518422,0.683510983006838,0.807049681900815,0.716241502274986,-0.0450375312761049,-0.253173941247374,0.377320137492995,0.132917497275751,0.247629409536674,-0.207725066555207,0.29510237563246,0.183537657476364,-0.300208514598972,-0.263031184447218,-0.221667690053445,0.702807895468384,0.121357884398463,0.380031850889645,0.569857650050243,-0.510175822270842,-0.724916872195952,-0.718083635713015,-0.160936430400264,-0.75649526383573,-0.692332958341052,-0.420669704052721,-0.761472566789639,0.383180943768731,0.068348886371872,-0.682982384312901,-0.473730268783419,-0.67157222424882,-0.591896230303174,-0.492525154953376,-0.480321681332182,-0.489031336401247,-0.513270856106541,0.608887382588307,-0.134285116044602,0.575237445784016,0.125048499184476
HALLMARK_MYC_TARGETS_V2,0.630981224309916,0.28710867281196,0.74156570896865,0.631186521629416,0.662414277801288,0.334123473212993,-0.415596608994797,-0.338276484938536,-0.0508644397039967,-0.292616632352002,-0.147410358565749,-0.30813219971625,0.0182362116006897,0.00485914991851649,0.313592684522624,0.00352080051885245,-0.504044982790461,0.794814677736061,0.32075800917046,-0.168164551097932,0.415696166941026,-0.376616953282014,-0.686371734109515,-0.611355582354487,0.171511620582592,-0.525100392104477,-0.389768003489304,-0.237926109342363,-0.497123258105825,0.348939754638395,0.41177645741422,-0.251172971872007,-0.26801388302297,-0.377565602355013,-0.152915857907848,-0.193958828315438,-0.213295649892201,-0.474366439557829,-0.196324334315227,-0.0825031836104264,-0.237353920446232,0.343879651616821,-0.204659445837001
HALLMARK_EPITHELIAL_MESENCHYMAL_TRANSITION,-0.322422255978255,-0.0862583564895647,-0.0777634211969985,-0.345495473146812,0.25648307735598,-0.185539981710768,0.215956608619418,0.247597441336682,0.0440902350325591,0.169317948982552,0.037057618275758,-0.0749672527698502,-0.171850881625252,-0.110409419828321,0.651071429642071,0.520365389530202,-0.110988013333386,-0.398638154480979,0.64096235003556,0.535033246824305,-0.343262321438293,0.0673753605958228,0.00448980405252858,-0.592479854742915,-0.0290044193480735,-0.438347725749263,-0.00927546080755663,-0.444746868529843,-0.560183936666807,-0.433635816076512,-0.406700253258066,0.139736553016186,0.245879413119868,-0.289573428553089,0.11738078324033,0.180516025833073,0.298121535927431,-0.238856378523687,0.111526568834043,0.290696371423948,-0.267293765741149,0.312164914125435,-0.192298734044769
HALLMARK_INFLAMMATORY_RESPONSE,0.0761540798364651,-0.00555935536760893,0.230867487812082,0.290133687807134,-0.00225840718846737,-0.209046656673994,-0.196861502834469,-0.109788056039198,-0.329740635126092,-0.249457292926677,0.2110372405723,0.277252370286235,0.0318771308318835,0.0799042230299113,0.133462602781883,0.342474327942432,-0.23798756890104,-0.112621288745051,0.124052125132774,0.322304595138674,0.279069989279093,-0.372660519776211,-0.317856588948247,-0.452538742493559,-0.310674529016628,0.00630904458006551,0.231139622668163,-0.117775054929416,-0.109736549466601,0.0998374230570948,0.383556585987874,-0.23550722671102,-0.144636631977359,-0.238902032863886,-0.204529485498335,0.000710934544760566,0.0753617880895713,-0.0839591207476912,-0.0552542229121655,0.293406971916687,-0.224178450706697,0.190028633178601,-0.249385624208709
HALLMARK_XENOBIOTIC_METABOLISM,-0.138882080404328,0.200951680175131,0.0766108059023171,-0.0502734460726331,0.0208250943809206,-0.169906388775626,0.0479302144946256,0.144797707458501,-0.102820535731918,0.0512847764225522,0.0909871494619397,0.0953649416585116,-0.0988390540931569,-0.128761245049701,0.226056857950295,0.220492221768147,-0.309190774061254,-0.031850496472321,0.166842312814764,-0.00339653415446584,-0.041392823236475,-0.166655046875846,-0.224470664182431,-0.23040817585862,-0.104814658663444,-0.0948117105594505,0.0372574000172252,0.0564913796246446,-0.0310324934384579,-0.0860054150199934,-0.0446855920261412,-0.133080064540311,-0.0162963002066532,-0.140899854867059,-0.111313938489326,0.0293912905981477,0.173515647962159,-0.0349041875099314,0.038084806072985,0.19770897353403,-0.142186850193541,0.135896594762665,-0.0573842792954888
HALLMARK_FATTY_ACID_METABOLISM,0.137804885531687,0.279029322841729,0.0962092357863839,0.12134610107663,0.173291255357688,-0.0649094620898427,0.00233103056974926,-0.0377633701436203,-0.0330019869558918,-0.0670783821315577,0.133497521881972,0.128948190658006,0.155896910573843,-0.0508127060105519,0.164375550522154,0.26481576614379,-0.292906974382781,0.207267327059674,0.087878053056716,0.109370886113545,0.127973438986197,-0.271225726389711,-0.40032562726814,-0.255958986394596,-0.00332343904087451,-0.264607501016752,-0.132301793080126,0.157346054705216,-0.284114177134215,0.100451518746779,0.0897644356533879,-0.25537191743158,-0.212050182538242,-0.210873016682181,-0.208360604761135,-0.124760242898279,0.00111636462407455,-0.10298816280302,-0.198676159505871,0.229582376719952,-0.0620219466792323,0.111415809372003,-0.0101715630869109
HALLMARK_OXIDATIVE_PHOSPHORYLATION,0.224996093563505,0.52712037239698,0.395649266346038,0.165950503851261,0.594559180891592,0.42827096149163,0.295255448141316,0.36103797099035,0.0983519099358522,0.408178445747786,0.269782507719363,0.00229512763681319,0.4401450970902,0.353003062849576,0.212913896074972,0.0503042568506396,0.00125704976062774,-0.0247221385683319,0.227601777650377,-0.0129767518475959,-0.230769659307313,-0.204963781636049,-0.631591376538606,-0.367237927676682,0.402349077520041,-0.498803993116322,-0.126514335617517,0.265745105881598,-0.336419845262374,-0.204200074067847,-0.354183521544636,-0.630545839498717,-0.32989861938003,-0.32908768339994,-0.343279127626925,-0.355891771942037,-0.465804802062219,-0.422019817196807,-0.413255197764613,0.256125036703832,-0.0578338278269225,-0.249287373529366,-0.257041434068165
HALLMARK_GLYCOLYSIS,0.110052581148393,0.176136873098473,-0.0626854061097568,0.0347717990492477,0.226448048701412,0.023741444005865,-0.0394530503777153,0.0098622572646721,-0.185560393625871,0.0337466214363431,-0.0642757007649377,-0.181625344868106,-0.223686231276767,-0.264583425802237,0.380573606125889,0.263924797867429,-0.0503720044092214,0.0313037217749466,0.375953010720332,0.218378222240911,0.0512235603749998,0.0185909257550581,-0.0903148507701508,-0.398694176958217,0.0548509924638031,-0.276779968224378,-0.103181090104059,-0.285963585651319,-0.325766273921297,-0.043135323052467,-0.0696685838090369,-0.047802527558666,0.0295219969157539,-0.114220332090451,-0.0619895224424356,0.121909624900677,0.0863269129700175,-0.0509623690019192,-0.0219720047810332,0.0910888798577691,-0.184128476247754,0.212371141151122,0.00838477055563794
HALLMARK_REACTIVE_OXYGEN_SPECIES_PATHWAY,0.0591479369383908,0.342174484751355,-0.211326244166411,0.0809073710942637,-0.292928451439435,-0.375237191561719,0.0405810455313356,-0.159380593141697,-0.281086855398275,-0.106342586378569,-0.179325902838904,-0.161923480383213,-0.263845569343434,-0.350254051857705,0.3407038429516,0.514708904473756,-0.307699714162683,0.0189519388299063,0.272889151716163,0.479321091642934,-0.0319028375269024,-0.198935757292184,-0.453896789268252,-0.441741690166633,-0.000903056181929818,-0.393857628970964,-0.0391689840238413,-0.165107701508193,-0.389522715719056,0.227147735102837,0.360248973103822,-0.390168530577423,0.0110894331825231,-0.0451647026827492,-0.381798099513927,0.224906008019579,0.20935494366537,0.360712535848377,0.131655051399491,0.232290829360904,0.0559313683374314,0.443366861456224,-0.123626774508201
HALLMARK_P53_PATHWAY,-0.0503187579099292,0.160630292202914,0.0299685637487218,0.113479927961175,0.238542686938008,-0.152873276872734,0.168612758761135,0.120923335507099,-0.0764410134318157,0.141735526449462,0.179461953893076,0.0385606085824379,-0.167667973244829,0.055237442408283,0.532742578119638,0.474736679235797,-0.0865044729576709,-0.241713314496853,0.460738456702734,0.453065917837241,0.0413136357362369,-0.32989306882082,-0.432671002149267,-0.545081967700308,-0.218209409052253,-0.275887253706069,-0.0419935929883962,-0.203638374967676,-0.368475523463658,-0.199324766181758,-0.104322211171725,-0.367810852517688,-0.0186864130216823,-0.304200105657133,-0.263433085191985,-0.0657871385150594,0.0407275432673956,-0.179433117504816,-0.274889905427296,0.315470261613037,-0.0611519440898654,0.317085154141179,-0.044382080758084
HALLMARK_UV_RESPONSE_UP,0.0139896186273163,0.138894693164297,0.0271064089975346,0.190024777161802,-0.0538080384570062,-0.177392404443922,-0.00468951871813722,-0.0253480258732648,0.142722038678924,0.00972648074295224,0.206227384452114,0.0136251388458951,0.127884011083135,0.165305060618992,0.271541060327702,0.360008059792202,-0.0659318094250891,0.117029064160789,0.228710739466676,0.087871705186954,0.277785450963696,-0.127895567822894,-0.308611000037149,-0.359809017372885,0.0714335039156274,0.20539139194017,0.312801726225953,0.180013702060645,0.038773007094144,-0.142353235441174,-0.163861349406303,-0.362056781070118,-0.161942155860557,-0.161563153698108,-0.288111127510092,-0.222726879218844,0.0961500923206059,-0.108451481742408,-0.244755221988514,0.0260657344259448,-0.182671805800129,-0.0309270067111515,-0.258300067024663
HALLMARK_UV_RESPONSE_DN,-0.251545454207845,0.204405535662206,0.0902513145564257,-0.301427517528772,0.44625030410016,-0.105382447297293,0.171554487316334,0.170187550948623,0.0889584363702194,0.127041501982351,0.0508912779333523,-0.119457364001759,-0.167895539153817,-0.0297203026986881,0.659820619373814,0.577400131490631,-0.12615861645774,-0.433921787032028,0.664694326342115,0.548057814826693,-0.423817734852114,-0.229179570927142,-0.294577967330721,-0.617379503099478,-0.0761091627817642,-0.442508242393803,0.0355339578832379,-0.395145634086771,-0.574213138361307,-0.346490888397993,-0.398032277514559,-0.0105420999834032,0.187074709938124,-0.236912355751349,-0.0233467893354298,0.0926067106120846,0.191391611354768,-0.194296131003866,-0.024755567835803,0.364778282502396,-0.273628140453993,0.339670285075561,-0.0810198482743889
HALLMARK_ANGIOGENESIS,0.0498376128508722,0.311153594699508,0.188724206320274,0.105156309399742,0.262090653088357,0.243413574565453,0.441996541114386,0.430464002727073,0.355024494993846,0.29864152387396,0.0986684889637866,0.176593692819986,-0.113819123450337,0.0169859666317482,0.603046701628364,0.459198926107748,0.112558023754084,-0.272193410703008,0.540829223369938,0.278081205915371,-0.142414871811049,-0.113376160979984,-0.229400926303854,-0.587319462859808,-0.146210093973448,-0.388710571334449,-0.00937768628005942,-0.466220057497123,-0.62734350040158,-0.429531017867733,-0.458274074425442,-0.148973374705392,0.0252910121905105,-0.452916385154926,-0.214911912960054,-0.0786239972091728,0.0886391378418955,-0.454565046791432,-0.215649566114306,0.46291535957087,-0.431789769936701,0.25583482919899,-0.386023992623036
HALLMARK_HEME_METABOLISM,0.208863486232082,0.270367963037436,0.108962920953526,0.15878402494,0.108911957677092,0.00652253407828005,0.043543414958284,0.0569692580765016,0.00321867779409576,0.0473728234576124,0.21645014220318,0.0640890783504041,0.247318672297684,0.0531252893959972,0.261020709328237,0.210240521690114,-0.0649582326070791,-0.248761773684337,0.168280937067854,0.0564654190188992,-0.224918997405424,-0.0759360921132008,-0.310397346670019,-0.180336169529929,0.229723701733406,-0.181121308351274,-0.000951349745056757,-0.0734903961573714,-0.126863199540684,-0.0345023588244522,-0.15357762258924,-0.3345031890595,-0.148165079174091,-0.0801960855761305,-0.235986131904626,-0.222517096622022,-0.0261050193794901,-0.225059376630068,-0.24172805494313,0.0278146863480354,-0.120087389663013,-0.0701001843433153,-0.0549720321985994
HALLMARK_COAGULATION,0.00139271537609664,0.0897393564912788,0.295045061274396,0.165601756413584,0.0602315816610194,0.0058976976312746,-0.0379077955412946,0.0650854456146789,0.100075710449379,-0.0214114792840028,0.0447773179110438,0.0492434017147309,0.190561592164925,0.124406590282597,0.266257557608848,0.220155488442529,-0.0742896875628701,-0.0656454953626209,0.157363889951149,0.160833267123923,0.180345848736308,-0.245704744558056,-0.229060761154011,-0.358946603210098,-0.261013999152498,-0.137646480987669,-0.0811824162099832,-0.134720528306928,-0.176328594729388,-0.179216508113416,-0.135460557479227,-0.148939649054415,-0.0349718215758311,-0.265584150407895,-0.258639961139385,-0.0852632886423488,0.0135600272517111,-0.234728471847647,-0.187580065967221,0.216012527280845,0.0773823799801583,0.164561240308712,0.0459345985791424
HALLMARK_IL2_STAT5_SIGNALING,0.333870850294234,-0.041354082171721,0.0685445452684438,0.36486740965808,0.109693427051639,-0.0619250488064704,-0.138096519801791,-0.0648654317042011,-0.209486953695427,-0.164235838799743,0.122919356804906,-0.00367933837263715,0.110189266906252,0.138294414385406,0.186699180888305,0.323904052025874,0.17120947474691,0.0406252041873847,0.110835698320434,0.17926882785915,0.226649015544563,-0.323523881510902,-0.372510207365001,-0.316276948837207,-0.171111326713224,-0.118926594480738,-0.0255063535414083,-0.0217511152425048,-0.130112493378289,0.0182534072512814,0.0925920031599296,-0.29163685084675,-0.172462518255097,-0.290598647053774,-0.306821902591182,-0.0750518793521195,-0.103843394164065,-0.234682674796412,-0.17200254648495,0.266535704540784,-0.0194077698372498,0.104812021591359,-0.0422311175193451
HALLMARK_BILE_ACID_METABOLISM,-0.140873559032283,0.2464974743594,-0.091973026809964,-0.0404510966583639,-0.0178555340947135,0.0626935611585237,0.0328279514392284,-0.032677398083387,-0.0466119276834624,0.00297687471157829,0.0651176481097075,0.0584937243783907,0.0663018540572688,0.0534667468914441,0.0370084546467556,-0.0962344588832633,0.243189558692059,-0.125474130512989,0.092968865887264,0.0262803461013972,-0.204497679836991,-0.181846637201104,-0.302728402048351,0.0711104769572145,0.0433346560750711,-0.215862839678537,-0.261490628987304,-0.0394162371952354,-0.12100924663223,-0.200031428268675,-0.307866214252851,-0.145572111250791,0.103033735950785,0.0425691046707931,-0.0560577192784451,-0.0091960008762732,0.145253301235076,0.124559522481318,-0.174811165866007,0.139372048988655,0.102433321332574,-0.131387828391501,0.125191025063468
HALLMARK_PEROXISOME,-0.143435462894805,0.213824758750854,-0.0274800944273395,-0.16546371053107,0.0783386417956052,0.119984606316893,0.0335946004519409,0.0676567836507485,0.0045860351646862,0.0240173877545941,0.205313254695866,-0.00900768907607283,0.0342910874968662,0.196615994342372,0.156283657102447,0.21742470901186,0.24548490468107,-0.0346175471386179,0.159729661838204,-8.69676507415651e-05,-0.221675546432168,-0.219858430327936,-0.297225443195495,-0.069787146348447,0.0557776429386136,-0.214134788125326,-0.165840458753379,0.0371967809623582,-0.128780717573157,-0.0703762155472977,-0.213519298348817,-0.19943459604589,0.196379289872473,-0.101621160933322,-0.0810272098473358,-0.181773690881134,0.173222333876224,-0.166257369780576,-0.236755262709649,0.0307589478454454,0.197238533270486,-0.0371096559931397,0.11824877699216
HALLMARK_ALLOGRAFT_REJECTION,-0.157137092654314,-0.0385231134835752,0.232964201387365,0.237114703246877,-0.1547754678319,-0.243174895283419,-0.268332433920211,-0.0469184410989883,-0.228263694854747,-0.200399281080496,0.287341947091456,0.252277015774191,0.20010874474611,0.273113130434008,-0.0297880510472092,0.341181268917934,-0.286785275159927,-0.104077429321423,0.00616414114235633,0.283216956873296,0.427620197100126,-0.377909000732765,-0.263144327096474,-0.364144712893913,-0.314791549044804,0.214828152529535,0.247347488176237,0.116892720119046,0.0755575021047724,-0.117127454937033,0.24568741930127,-0.208039611870503,-0.163887190771966,-0.145303044091564,-0.214618635992321,-0.0779710238996378,0.110390823825773,-0.110852559469196,0.0370880199705592,0.211564058762437,-0.0619772660780906,-0.0287252824630552,-0.158775512493328
HALLMARK_SPERMATOGENESIS,0.0542206657333662,0.124261117585823,0.119467524420303,0.19484801820397,0.0694735958639733,0.295118351071876,0.218946094266496,0.0733512471994835,0.0774125907063112,0.296939304195769,0.142153556233414,0.169543689830862,0.200133492275443,0.290492077970541,-0.0786417936976697,-0.226741584037723,0.0871632439317506,-0.184700985648042,-0.227925429620607,-0.0775709466462833,-0.196436754532614,-0.0166351292382995,-0.0374179289715314,0.0855083308297111,-0.146842116009062,-0.104244015173062,-0.120902398009168,-0.0835908709460693,-0.00953087575297745,-0.238977982365907,-0.0746789826825066,-0.231189179388926,-0.174420181257512,-0.178051589099283,-0.195206087338364,-0.0114929696826985,-0.0542978158409579,-0.0487309426862707,-0.277775583376749,0.0792377481473611,0.244568947650754,-0.0138349793441194,0.266264266607579
HALLMARK_KRAS_SIGNALING_UP,0.201331690580952,-0.00448490807246726,0.154336065977484,0.371085801127347,0.121482633258932,0.0521079592953312,-0.139473276022126,-0.0132283842817134,-0.28338497156829,-0.0941054566499491,0.0368888046490685,0.0407484077144869,-0.207509528950041,-0.0475647394255328,0.189059800946067,0.164112494143589,0.0865731547849415,-0.00849129348126623,0.115149569387772,0.0716864443162528,0.265238585612053,-0.162768817533839,-0.221581469816388,-0.387790832769441,-0.171117206471608,-0.257232986373339,-0.087215923524324,-0.288883796648295,-0.341864828288947,0.0240694777631002,0.0969351598797504,-0.181586977972447,-0.0864646586654007,-0.289227242615547,-0.273480208522346,-0.106545385564721,0.182507928534614,-0.162864243248863,-0.0881614721624271,0.363655251984361,-0.0234030762142717,0.230665301753209,0.014086446043721
HALLMARK_KRAS_SIGNALING_DN,-0.000171011048565928,0.160348613412956,0.0235898925789224,0.0208955534235215,-0.0331376981465219,0.193698246630477,0.291414263861238,0.209534937941071,0.183387203258972,0.129424184589923,0.254595497770686,0.191827349552058,0.0915582229121809,0.166453548467593,-0.0136704804565242,0.00791384306060666,0.112117390832638,-0.0968216769091028,-0.0598478487485326,-0.0274933358664982,-0.0508501060861522,-0.0548948393071994,0.171067548223812,0.236619078900186,-0.1769356836783,-0.0757114144618649,-0.209486885587266,-0.0202574418611013,-0.0486981786734565,-0.216109844246745,-0.277489707930238,-0.068009126626009,0.0544858365890884,0.0177481080487253,-0.0611742965860744,-0.0335913555179495,-0.136216799811283,-0.207273913636974,-0.160977803072915,-0.181493217674172,0.0611034209901561,-0.293970953107756,0.121482456882699
HALLMARK_PANCREAS_BETA_CELLS,-0.298512932239428,-0.424897838825416,-0.210955452476699,-0.44400476507523,-0.421056966660774,-0.1704287662398,-0.129623506120614,0.185805788789767,-0.0846286023608666,0.0707126417891163,0.00858942288268455,-0.0554792235409083,-0.156805377271805,0.264060143683647,-0.120266241582848,0.372749844313286,-0.18307167043989,-0.0851187486284757,-0.120693901498803,-0.0601809700891519,-0.0241600474631307,0.203008907767876,0.185077412994968,0.220846155395417,0.211381872950764,0.059807862679432,0.155634091893175,0.171248875930439,0.120722982197925,-0.024653122959568,0.195443720158131,0.0211618324534111,0.313543012483564,0.000331961858866414,0.109798791916688,0.300378740294755,0.223275498280205,0.104515790380927,0.310468310805387,-0.134082869017304,-0.136014372210483,-0.280620277374867,-0.158776313749288
